Nr;Data i czas;Przewodnosc 1 [µS/cm] (3);Przewodnosc 2 [µS/cm] (4);Przewodnosc 3 [µS/cm] (9);Przewodnosc 4 [µS/cm] (10);Przewodnosc 5 [µS/cm] (11);Przewodnosc 6 [µS/cm] (12)
555;2024-04-11 17:06:11,4;217,2943;178,2677;202,3199;887,9267;2,5089;-4999,8432
556;2024-04-11 17:06:14,4;217,0245;178,6573;202,1346;890,5716;2,4646;-4999,9216
557;2024-04-11 17:06:17,4;219,2851;177,5917;201,387;898,7351;2,4508;-4999,9825
558;2024-04-11 17:06:20,4;218,0545;178,4548;199,5669;898,9016;2,4688;-4999,9961
559;2024-04-11 17:06:23,4;217,7058;180,3042;199,376;895,7692;2,4782;-4999,9562
560;2024-04-11 17:06:26,4;216,1935;179,1064;201,4076;887,9765;2,4126;-4999,9441
561;2024-04-11 17:06:29,4;218,5633;178,9135;202,7553;881,2836;2,4116;-4999,9301
562;2024-04-11 17:06:32,4;218,3352;178,9273;202,1321;882,3657;2,4916;-4999,962
563;2024-04-11 17:06:35,4;218,5988;181,2379;202,2429;883,7689;2,6327;-4999,9597
564;2024-04-11 17:06:38,4;218,1087;179,9761;201,1014;894,3053;2,6164;-4999,8977
565;2024-04-11 17:06:41,5;217,6668;178,4776;200,8769;894,0883;2,4665;-4999,8946
566;2024-04-11 17:06:44,5;219,2159;180,9953;200,8458;894,3292;2,4501;-4999,856
567;2024-04-11 17:06:47,5;219,7664;199,2319;206,4598;887,2218;2,5671;-4999,9679
568;2024-04-11 17:06:50,5;220,4869;231,8846;233,0757;891,7265;2,5375;-4999,9928
569;2024-04-11 17:06:53,5;220,3654;242,4277;276,0292;899,3578;2,5754;-4999,8903
570;2024-04-11 17:06:56,5;219,7905;243,0501;275,1672;893,8704;2,6333;-4999,9231
571;2024-04-11 17:06:59,5;216,4028;245,5515;269,6602;888,1149;2,5585;-4999,9289
572;2024-04-11 17:07:02,5;217,7314;259,7146;273,2914;884,1293;2,5374;-4999,9237
573;2024-04-11 17:07:05,5;217,4007;258,9803;282,992;894,0513;2,4315;-4999,8518
574;2024-04-11 17:07:08,5;218,1728;261,8774;288,6073;892,6491;2,6032;-4999,9511
575;2024-04-11 17:07:11,5;218,6543;271,0062;287,6961;893,6534;2,4815;-4999,863
576;2024-04-11 17:07:14,5;219,8775;271,1539;288,5671;893,0722;2,625;-4999,921
577;2024-04-11 17:07:17,5;220,8218;264,6086;292,9573;888,7284;2,5317;-4999,8916
578;2024-04-11 17:07:20,5;234,1472;272,8725;291,4546;893,7453;2,5551;-4999,8201
579;2024-04-11 17:07:23,5;262,5026;281,1648;283,1695;906,2725;2,3387;-4999,9047
580;2024-04-11 17:07:26,5;290,0761;274,3032;283,2543;971,6523;2,5633;-4999,9552
581;2024-04-11 17:07:29,5;295,8821;274,4904;290,126;1119,9461;2,6037;-4999,9491
582;2024-04-11 17:07:32,5;296,0193;270,0473;311,3646;1185,0679;2,6475;-4999,9044
583;2024-04-11 17:07:35,5;296,4922;260,3453;335,8687;1286,2383;2,573;-4999,9787
584;2024-04-11 17:07:38,5;309,3357;265,4633;333,7426;1321,7032;2,5752;-4999,8844
585;2024-04-11 17:07:41,5;326,1165;276,6195;324,2468;1322,8946;2,6113;-4999,8999
586;2024-04-11 17:07:44,5;331,1555;285,8724;319,4126;1310,941;2,5759;-4999,8809
587;2024-04-11 17:07:47,5;339,4398;289,1778;322,0717;1296,0486;2,6557;-4999,8897
588;2024-04-11 17:07:50,5;351,9449;286,8709;329,6798;1295,8611;2,6073;-4999,899
589;2024-04-11 17:07:53,5;355,0554;285,0664;338,2598;1338,2284;2,5668;-4999,9084
590;2024-04-11 17:07:56,5;365,9427;290,3457;355,4825;1385,1292;2,5256;-4999,9233
591;2024-04-11 17:07:59,5;379,3061;286,402;354,2416;1392,9571;2,5726;-4999,8517
592;2024-04-11 17:08:02,5;391,7163;290,4486;355,6819;1390,9967;2,6705;-4999,8235
593;2024-04-11 17:08:05,5;388,0169;306,7397;353,1849;1434,4286;2,555;-4999,8821
594;2024-04-11 17:08:08,5;380,1509;303,8303;350,6085;1472,4923;2,5042;-4999,9213
595;2024-04-11 17:08:11,5;380,4505;316,3129;356,0324;1518,8782;2,5389;-4999,86
596;2024-04-11 17:08:14,5;385,9488;315,4228;366,9332;1552,8587;2,613;-4999,892
597;2024-04-11 17:08:17,5;385,6702;319,4527;369,2682;1592,7897;2,5912;-4999,8102
598;2024-04-11 17:08:20,5;394,582;319,4936;361,3993;1620,567;2,5212;-4999,8774
599;2024-04-11 17:08:23,5;389,2021;317,8089;357,9083;1631,0059;2,4742;-4999,8579
600;2024-04-11 17:08:26,5;387,2162;313,8773;361,926;1636,2964;2,7184;-4999,893
601;2024-04-11 17:08:29,5;390,7206;309,9465;369,3996;1626,3588;2,4183;-4999,8655
602;2024-04-11 17:08:32,5;398,6763;311,4457;379,5733;1612,3922;2,3317;-4999,8714
603;2024-04-11 17:08:35,5;403,2435;320,6111;391,8989;1612,2257;2,4829;-4999,8396
604;2024-04-11 17:08:38,5;413,1962;323,9575;391,174;1623,4316;2,4928;-4999,8096
605;2024-04-11 17:08:41,5;423,5445;319,8205;387,9213;1636,0396;2,3412;-4999,9362
606;2024-04-11 17:08:44,5;424,2257;322,0379;393,2458;1651,4321;2,4201;-4999,9398
607;2024-04-11 17:08:47,5;423,2563;324,2707;393,1409;1674,2826;2,5211;-4999,8872
608;2024-04-11 17:08:50,5;422,0209;327,7472;388,0977;1672,9506;2,4837;-4999,943
609;2024-04-11 17:08:53,5;423,9635;327,9091;394,1029;1671,2673;2,3449;-4999,8052
610;2024-04-11 17:08:56,5;425,5669;329,1892;402,2203;1686,6768;2,3133;-4999,848
611;2024-04-11 17:08:59,5;429,2668;331,0054;406,4611;1701,4385;2,4831;-4999,8427
612;2024-04-11 17:09:02,5;433,0072;331,1308;406,3363;1702,9604;2,4423;-4999,9279
613;2024-04-11 17:09:05,5;441,696;331,1589;402,5122;1721,6542;2,6408;-4999,8082
614;2024-04-11 17:09:08,5;445,8516;333,9838;407,8971;1747,7462;2,5557;-4999,7669
615;2024-04-11 17:09:11,5;453,6374;332,6417;406,9149;1772,3961;2,551;-4999,8443
616;2024-04-11 17:09:14,5;457,8361;334,1161;415,0205;1785,343;2,4649;-4999,8546
617;2024-04-11 17:09:17,5;453,3274;334,7363;416,108;1809,2747;2,5865;-4999,8562
618;2024-04-11 17:09:20,5;450,0401;341,8775;414,5512;1817,3467;2,5316;-4999,8934
619;2024-04-11 17:09:23,5;450,4511;341,1163;410,9025;1826,8672;2,6082;-4999,8737
620;2024-04-11 17:09:26,5;458,0744;344,9044;412,8553;1844,222;2,5652;-4999,9494
621;2024-04-11 17:09:29,5;469,6375;346,7143;419,9368;1856,601;2,4806;-4999,8915
622;2024-04-11 17:09:32,5;476,3101;343,8867;422,5037;1832,3892;2,4739;-4999,902
623;2024-04-11 17:09:35,5;476,5479;341,4712;423,1345;1843,156;2,504;-4999,8673
624;2024-04-11 17:09:38,5;476,4628;341,3688;419,1469;1857,6308;2,5812;-4999,8913
625;2024-04-11 17:09:41,5;478,7405;347,1944;418,411;1868,2681;2,4531;-4999,9607
626;2024-04-11 17:09:44,5;482,3841;346,3278;423,6406;1874,8537;2,482;-4999,8567
627;2024-04-11 17:09:47,5;481,8259;345,8378;423,911;1873,9515;2,587;-4999,7428
628;2024-04-11 17:09:50,5;483,2068;352,2963;423,5185;1899,8454;2,4868;-4999,8466
629;2024-04-11 17:09:53,5;480,4744;358,1028;427,5908;1906,7827;2,6107;-4999,9658
630;2024-04-11 17:09:56,5;482,1872;359,9576;432,4446;1935,9811;2,5215;-4999,9008
631;2024-04-11 17:09:59,5;484,5321;361,359;435,4615;1976,2802;2,4811;-4999,8885
632;2024-04-11 17:10:02,5;489,21;359,622;436,5263;2000,8428;2,488;-4999,8582
633;2024-04-11 17:10:05,5;489,3647;359,3367;438,1523;1987,3692;2,4926;-4999,9381
634;2024-04-11 17:10:08,5;491,5994;359,9258;431,3553;2001,4088;2,5592;-4999,9084
635;2024-04-11 17:10:11,5;499,1803;364,6178;432,5363;2028,4619;2,6195;-4999,9142
636;2024-04-11 17:10:14,5;507,1278;361,9444;436,0431;2032,4561;2,6946;-4999,8634
637;2024-04-11 17:10:17,5;511,7826;360,9482;435,8598;2065,6507;2,5229;-4999,8453
638;2024-04-11 17:10:20,5;508,9347;363,918;432,4041;2065,1963;2,5628;-4999,8924
639;2024-04-11 17:10:23,5;509,1812;365,6658;442,0349;2085,0401;2,5771;-4999,9594
640;2024-04-11 17:10:26,5;511,4723;366,8135;452,4644;2091,424;2,6084;-4999,9909
641;2024-04-11 17:10:29,5;514,1378;367,3271;453,7229;2062,6399;2,5749;-4999,9414
642;2024-04-11 17:10:32,5;519,4524;370,9237;451,5922;2041,2675;2,7125;-4999,9703
643;2024-04-11 17:10:35,5;520,507;368,5129;454,3261;2022,2107;2,4846;-4999,9741
644;2024-04-11 17:10:38,5;522,7177;369,2859;457,5769;2046,6304;2,6863;-4999,9199
645;2024-04-11 17:10:41,5;529,0166;368,5767;462,7479;2084,3432;2,5962;-4999,9597
646;2024-04-11 17:10:44,5;530,6479;368,3374;458,5062;2099,8579;2,589;-4999,8971
647;2024-04-11 17:10:47,5;531,8893;372,3003;453,4538;2108,2028;2,6761;-4999,9557
648;2024-04-11 17:10:50,5;536,5895;375,7541;453,2478;2128,8456;2,5487;-4999,9321
649;2024-04-11 17:10:53,5;543,2973;374,7836;451,3929;2133,9081;2,4828;-4999,9071
650;2024-04-11 17:10:56,5;544,6139;373,5848;459,3639;2140,2175;2,5507;-4999,9793
651;2024-04-11 17:10:59,5;544,9076;374,7415;465,4885;2130,7208;2,468;-4999,9359
652;2024-04-11 17:11:02,5;545,638;380,0398;471,709;2132,7333;2,5366;-4999,9505
653;2024-04-11 17:11:05,5;546,436;384,2475;472,5048;2153,1329;2,5368;-4999,9438
654;2024-04-11 17:11:08,5;548,9279;383,3979;471,7663;2163,224;2,4315;-4999,8785
655;2024-04-11 17:11:11,5;550,5419;382,3101;472,1642;2165,2253;2,4793;-4999,9177
656;2024-04-11 17:11:14,5;550,1189;383,4398;469,7638;2173,1412;2,5592;-4999,8509
657;2024-04-11 17:11:17,5;545,1327;387,2876;466,6149;2192,7162;2,638;-4999,8658
658;2024-04-11 17:11:20,5;550,8022;384,9633;467,3876;2196,6213;2,642;-4999,8918
659;2024-04-11 17:11:23,5;552,5485;383,992;470,1163;2210,0578;2,5584;-4999,7815
660;2024-04-11 17:11:26,5;553,4276;385,7598;474,5057;2220,3244;2,6365;-4999,8258
661;2024-04-11 17:11:29,5;557,5824;391,8933;479,4641;2219,9623;2,5654;-4999,8456
662;2024-04-11 17:11:32,5;559,2718;391,2178;482,0771;2227,8073;2,5689;-4999,8813
663;2024-04-11 17:11:35,5;559,0272;392,8287;483,0572;2258,9134;2,5104;-4999,8508
664;2024-04-11 17:11:38,5;558,2582;389,5732;479,5519;2285,8213;2,4592;-4999,856
665;2024-04-11 17:11:41,5;556,7696;389,5205;483,9436;2281,408;2,4547;-4999,9238
666;2024-04-11 17:11:44,5;557,0759;391,9672;485,8755;2287,4584;2,4665;-4999,9126
667;2024-04-11 17:11:47,5;556,9479;396,5179;482,7564;2292,3261;2,5699;-4999,8908
668;2024-04-11 17:11:50,5;561,8284;397,9465;483,2006;2296,3039;2,5837;-4999,9316
669;2024-04-11 17:11:53,5;564,5204;400,3056;479,768;2309,625;2,6255;-4999,8799
670;2024-04-11 17:11:56,5;565,4221;403,2085;480,984;2319,0605;2,4688;-4999,8621
671;2024-04-11 17:11:59,5;565,2697;398,324;484,3766;2326,3229;2,5022;-4999,9692
672;2024-04-11 17:12:02,5;567,0774;399,9918;486,5419;2326,8202;2,4315;-4999,9146
673;2024-04-11 17:12:05,5;566,4836;401,3278;489,0444;2334,4069;2,6167;-4999,8505
674;2024-04-11 17:12:08,5;566,9454;401,8589;488,7756;2344,4757;2,5592;-4999,9226
675;2024-04-11 17:12:11,5;574,2444;402,2588;495,3108;2338,5572;2,5704;-4999,8751
676;2024-04-11 17:12:14,5;572,9715;403,1199;498,7033;2347,1855;2,6344;-4999,7888
677;2024-04-11 17:12:17,5;575,7189;406,1295;498,8504;2357,3667;2,6107;-4999,9034
678;2024-04-11 17:12:20,5;577,3258;406,7307;501,0173;2381,1288;2,7484;-4999,9398
679;2024-04-11 17:12:23,5;580,025;405,9673;500,0766;2389,565;2,5322;-4999,879
680;2024-04-11 17:12:26,5;577,337;406,6252;502,4293;2393,8572;2,449;-4999,8415
681;2024-04-11 17:12:29,5;580,9144;407,0816;502,1834;2388,4771;2,6552;-4999,8691
682;2024-04-11 17:12:32,5;583,745;412,0847;504,9514;2407,6697;2,4463;-4999,7912
683;2024-04-11 17:12:35,5;581,5462;410,4556;500,808;2423,1345;2,5084;-4999,9033
684;2024-04-11 17:12:38,5;585,541;409,8551;504,2436;2429,4428;2,5106;-4999,792
685;2024-04-11 17:12:41,5;586,3191;412,6825;511,922;2444,1222;2,5143;-4999,8017
686;2024-04-11 17:12:44,5;593,5915;413,4736;510,3984;2460,8737;2,5256;-4999,9139
687;2024-04-11 17:12:47,5;595,2038;412,7212;507,4329;2449,1452;2,6958;-4999,9534
688;2024-04-11 17:12:50,5;601,6209;415,5167;510,59;2447,9036;2,6157;-4999,9746
689;2024-04-11 17:12:53,5;604,652;414,1302;515,2915;2441,6152;2,7206;-4999,9517
690;2024-04-11 17:12:56,5;606,7594;411,4683;518,9732;2440,7444;2,466;-4999,9484
691;2024-04-11 17:12:59,5;609,7109;415,31;520,6289;2476,7034;2,5322;-4999,8807
692;2024-04-11 17:13:02,5;609,6309;422,0989;518,2721;2489,3805;2,6023;-4999,865
693;2024-04-11 17:13:05,5;608,4492;421,4184;519,6489;2481,8405;2,4557;-4999,8656
694;2024-04-11 17:13:08,5;610,9068;413,072;522,4085;2481,315;2,523;-4999,8592
695;2024-04-11 17:13:11,5;614,7881;412,4523;519,9706;2478,8465;2,467;-4999,7567
696;2024-04-11 17:13:14,5;613,7188;414,6177;515,0521;2495,5638;2,5787;-4999,8779
697;2024-04-11 17:13:17,5;616,5561;416,7442;515,9999;2474,1611;2,5822;-4999,8683
698;2024-04-11 17:13:20,5;621,3529;421,7809;522,8997;2488,9278;2,6959;-4999,9706
699;2024-04-11 17:13:23,5;621,275;423,9487;523,5203;2511,7452;2,6073;-4999,8964
700;2024-04-11 17:13:26,5;619,67;426,5768;527,4966;2522,7717;2,7022;-4999,8788
701;2024-04-11 17:13:29,5;619,1543;428,6;525,7159;2538,2918;2,5032;-4999,8503
702;2024-04-11 17:13:32,5;620,6931;423,7493;531,8976;2531,0082;2,4094;-4999,8302
703;2024-04-11 17:13:35,5;621,1514;424,4138;530,1095;2529,5321;2,6576;-4999,9621
704;2024-04-11 17:13:38,5;624,1778;426,7459;527,7034;2525,5505;2,4839;-4999,9915
705;2024-04-11 17:13:41,5;622,3568;431,1343;528,571;2538,6125;2,5396;-4999,8924
706;2024-04-11 17:13:44,5;625,4013;426,9799;531,4863;2555,2404;2,6536;-4999,8877
707;2024-04-11 17:13:47,5;630,7896;426,1413;537,2155;2553,2827;2,4279;-4999,8348
708;2024-04-11 17:13:50,5;634,2451;426,1692;538,3382;2545,3545;2,5238;-4999,8718
709;2024-04-11 17:13:53,5;635,5728;426,8373;534,4466;2555,299;2,5227;-4999,8813
710;2024-04-11 17:13:56,5;635,7459;432,6592;535,5256;2554,226;2,5148;-4999,9099
711;2024-04-11 17:13:59,5;638,2895;436,1994;540,1062;2564,4456;2,4944;-4999,8907
712;2024-04-11 17:14:02,5;643,6187;434,2778;537,7888;2550,1922;2,4986;-4999,7454
713;2024-04-11 17:14:05,5;643,7272;437,3256;535,6662;2554,2213;2,59;-4999,8837
714;2024-04-11 17:14:08,5;640,3934;441,4092;543,3977;2554,061;2,5319;-4999,8694
715;2024-04-11 17:14:11,5;641,9489;441,5584;543,6248;2564,6702;2,5361;-4999,9245
716;2024-04-11 17:14:14,5;640,0297;439,2018;539,7909;2579,863;2,466;-4999,8591
717;2024-04-11 17:14:17,5;643,6999;436,8909;543,2782;2576,8896;2,4666;-4999,9472
718;2024-04-11 17:14:20,5;642,8315;438,1952;546,6211;2588,8301;2,4522;-4999,9277
719;2024-04-11 17:14:23,5;645,5376;440,6953;547,6994;2604,5297;2,5805;-4999,9672
720;2024-04-11 17:14:26,5;646,191;440,8157;545,7919;2624,6617;2,5696;-4999,8827
721;2024-04-11 17:14:29,5;651,0273;440,9148;547,0289;2634,0686;2,6258;-4999,8926
722;2024-04-11 17:14:32,5;648,4217;443,9892;548,2218;2643,9209;2,5474;-4999,9617
723;2024-04-11 17:14:35,5;650,7026;442,2027;551,4828;2662,5702;2,4995;-4999,9129
724;2024-04-11 17:14:38,5;653,7654;439,7504;555,0356;2670,1517;2,5301;-4999,8937
725;2024-04-11 17:14:41,5;654,423;442,6801;545,82;2659,0006;2,5865;-4999,9153
726;2024-04-11 17:14:44,5;655,814;441,9743;548,5049;2650,6563;2,4769;-4999,8967
727;2024-04-11 17:14:47,5;654,6549;445,5282;549,7655;2658,9364;2,5599;-4999,8784
728;2024-04-11 17:14:50,5;653,7298;447,7969;553,6705;2677,5897;2,5188;-4999,9093
729;2024-04-11 17:14:53,5;658,5129;444,5814;559,5029;2701,8885;2,6251;-4999,8755
730;2024-04-11 17:14:56,5;657,6278;449,2429;556,5257;2704,1613;2,6392;-4999,8754
731;2024-04-11 17:14:59,5;663,0818;446,1228;553,7495;2700,3101;2,5375;-4999,8719
732;2024-04-11 17:15:02,5;666,0346;447,5801;552,5479;2681,5445;2,4844;-4999,9022
733;2024-04-11 17:15:05,5;663,9498;443,7128;553,057;2682,2715;2,5217;-4999,9257
734;2024-04-11 17:15:08,5;663,2039;447,5158;556,877;2677,3422;2,4796;-4999,9015
735;2024-04-11 17:15:11,5;668,3218;447,5978;555,7587;2684,8842;2,5443;-4999,9556
736;2024-04-11 17:15:14,5;667,8203;446,3179;552,9801;2718,7915;2,4844;-4999,9226
737;2024-04-11 17:15:17,5;669,3477;451,8723;556,1407;2723,2933;2,6356;-4999,916
738;2024-04-11 17:15:20,5;676,5207;457,3577;559,7805;2730,6597;2,5177;-4999,9588
739;2024-04-11 17:15:23,5;679,0441;453,3007;564,2851;2748,8659;2,5076;-4999,8772
740;2024-04-11 17:15:26,5;681,9361;450,7466;562,5056;2749,9912;2,5414;-4999,8793
741;2024-04-11 17:15:29,5;682,4251;450,8272;564,2361;2760,9633;2,4887;-4999,869
742;2024-04-11 17:15:32,5;678,9904;452,3783;567,2055;2747,3002;2,5892;-4999,887
743;2024-04-11 17:15:35,5;675,4714;452,3446;566,6132;2743,8448;2,4968;-4999,9109
744;2024-04-11 17:15:38,5;673,6559;450,7204;564,6184;2744,1926;2,5503;-4999,798
745;2024-04-11 17:15:41,5;674,2089;453,4312;568,7157;2768,0207;2,614;-4999,7893
746;2024-04-11 17:15:44,5;677,5207;455,6829;566,9213;2764,2048;2,7056;-4999,9212
747;2024-04-11 17:15:47,5;681,8069;456,5707;571,5461;2774,1254;2,4983;-4999,8209
748;2024-04-11 17:15:50,5;680,2712;457,1253;573,7265;2771,6791;2,5709;-4999,864
749;2024-04-11 17:15:53,5;679,9643;457,9763;573,598;2798,4741;2,5296;-4999,9248
750;2024-04-11 17:15:56,5;683,2522;457,5137;571,2359;2815,0818;2,6053;-4999,9832
751;2024-04-11 17:15:59,5;684,423;455,6887;566,6548;2794,31;2,563;-4999,8882
752;2024-04-11 17:16:02,5;687,1887;454,5638;569,0869;2804,898;2,6913;-4999,8828
753;2024-04-11 17:16:05,5;687,513;458,3296;573,5558;2847,0972;2,7329;-4999,8804
754;2024-04-11 17:16:08,5;688,4958;458,8313;570,9862;2842,1391;2,5193;-4999,8825
755;2024-04-11 17:16:11,5;690,0308;458,9358;575,7674;2842,0022;2,5736;-4999,7979
756;2024-04-11 17:16:14,5;689,2156;463,5486;576,752;2840,3711;2,4891;-4999,9179
757;2024-04-11 17:16:17,5;691,1125;463,3296;573,4831;2847,3779;2,4957;-4999,8406
758;2024-04-11 17:16:20,5;692,8487;461,5062;575,9156;2865,7499;2,5458;-4999,8842
759;2024-04-11 17:16:23,5;698,2857;462,8798;578,5102;2842,141;2,6066;-4999,8611
760;2024-04-11 17:16:26,5;701,8995;462,6429;582,2477;2828,85;2,4566;-4999,8067
761;2024-04-11 17:16:29,5;701,2697;463,5035;587,0793;2841,0393;2,5791;-4999,8481
762;2024-04-11 17:16:32,5;699,813;464,8281;588,8263;2851,4934;2,6169;-4999,8935
763;2024-04-11 17:16:35,5;700,4516;464,7203;587,9117;2878,0813;2,7348;-4999,9604
764;2024-04-11 17:16:38,5;700,4;465,4042;584,1535;2893,5085;2,5932;-4999,9236
765;2024-04-11 17:16:41,5;704,0168;464,5953;582,8901;2898,3614;2,5934;-4999,7904
766;2024-04-11 17:16:44,5;702,9646;463,5284;584,8526;2924,1723;2,6558;-4999,8923
767;2024-04-11 17:16:47,5;704,1486;463,9263;586,0619;2898,1372;2,5054;-4999,8492
768;2024-04-11 17:16:50,5;705,8621;466,6564;587,2486;2902,1713;2,6078;-4999,9275
769;2024-04-11 17:16:53,5;708,5833;467,7806;588,1529;2895,5297;2,5872;-4999,872
770;2024-04-11 17:16:56,5;705,1268;466,4927;586,8319;2880,0428;2,6465;-4999,8982
771;2024-04-11 17:16:59,5;705,3654;464,567;587,3663;2891,8558;2,5199;-4999,8423
772;2024-04-11 17:17:02,5;709,8513;466,733;585,2741;2896,662;2,5909;-4999,8642
773;2024-04-11 17:17:05,5;713,8448;466,8905;588,2302;2889,2771;2,6072;-4999,8377
774;2024-04-11 17:17:08,5;716,9487;469,398;585,969;2905,5223;2,4964;-4999,7594
775;2024-04-11 17:17:11,5;717,9338;469,5155;589,3062;2927,268;2,6369;-4999,8179
776;2024-04-11 17:17:14,5;718,6761;466,9558;595,6834;2916,8838;2,5257;-4999,9594
777;2024-04-11 17:17:17,5;717,7006;469,4615;592,649;2907,5842;2,592;-4999,948
778;2024-04-11 17:17:20,5;718,9929;470,0852;592,6069;2922,1378;2,6613;-4999,9884
779;2024-04-11 17:17:23,5;722,7077;473,0173;598,3357;2920,5528;2,5407;-4999,922
780;2024-04-11 17:17:26,5;724,9506;473,4352;596,5185;2929,1626;2,5831;-4999,9437
781;2024-04-11 17:17:29,5;726,0821;473,0494;594,8753;2922,8335;2,4745;-4999,8556
782;2024-04-11 17:17:32,5;727,9394;471,0824;591,957;2940,643;2,3886;-4999,909
783;2024-04-11 17:17:35,5;724,9658;473,7719;597,2506;2958,0065;2,553;-4999,9427
784;2024-04-11 17:17:38,5;723,2879;470,8362;597,0132;2955,9376;2,6523;-4999,9872
785;2024-04-11 17:17:41,5;726,4811;472,3226;596,0233;2932,9787;2,518;-4999,9971
786;2024-04-11 17:17:44,5;730,9648;473,65;598,3988;2948,9713;2,6291;-4999,9542
787;2024-04-11 17:17:47,5;728,6284;476,0794;597,0329;2953,6036;2,5512;-4999,8435
788;2024-04-11 17:17:50,5;726,952;478,9047;598,635;2972,2028;2,4555;-4999,8875
789;2024-04-11 17:17:53,5;730,2039;474,5041;599,5077;2963,0408;2,5569;-4999,8669
790;2024-04-11 17:17:56,5;734,7728;474,0649;597,8489;2957,7499;2,5298;-4999,9011
791;2024-04-11 17:17:59,5;734,8435;475,4219;597,5088;2962,3578;2,5501;-4999,9506
792;2024-04-11 17:18:02,5;742,9383;479,1574;602,2014;2969,173;2,6031;-4999,9437
793;2024-04-11 17:18:05,5;744,6127;477,2433;604,744;2970,8175;2,545;-4999,9217
794;2024-04-11 17:18:08,5;741,7289;477,2977;601,9303;2984,8225;2,5844;-4999,8462
795;2024-04-11 17:18:11,5;738,1372;479,0356;602,6123;2977,1995;1170,1566;-4999,8542
796;2024-04-11 17:18:14,5;740,495;479,9029;605,7529;2982,5488;2989,4311;-4999,8735
797;2024-04-11 17:18:17,5;738,3963;478,5826;608,7205;2982,1872;3645,4461;-4999,9193
798;2024-04-11 17:18:20,5;738,0637;477,2374;608,6058;2990,2497;4217,635;-4999,967
799;2024-04-11 17:18:23,5;739,8678;478,2929;603,1349;3014,2513;1094,1628;-4999,9465
800;2024-04-11 17:18:26,5;747,4692;479,3296;606,8276;3029,1752;264,0575;-4999,8962
801;2024-04-11 17:18:29,5;741,8946;482,5969;614,8488;3028,7617;65,6941;-4999,9292
802;2024-04-11 17:18:32,5;742,5663;482,0793;612,473;3020,0568;19,2077;-4999,9059
803;2024-04-11 17:18:35,5;738,1959;481,6387;607,5832;3011,2081;8,1702;-4999,9632
804;2024-04-11 17:18:38,5;739,5779;479,6979;608,7033;3022,1861;5,6881;-4999,8841
805;2024-04-11 17:18:41,5;743,3105;479,6787;612,557;3033,5814;4,7407;-4999,8378
806;2024-04-11 17:18:44,5;746,8366;479,6052;610,8863;3034,278;4,347;-4999,9025
807;2024-04-11 17:18:47,5;749,296;480,9997;610,4782;3030,3645;3,888;-4999,8791
808;2024-04-11 17:18:50,5;748,0687;485,1208;609,3576;3041,3005;3,7378;-4999,897
809;2024-04-11 17:18:53,5;753,3503;488,2467;613,4409;3055,5948;3,5313;-4999,9103
810;2024-04-11 17:18:56,5;752,6434;483,4998;609,5206;3059,8167;3,3924;-4999,8458
811;2024-04-11 17:18:59,5;753,4416;482,8864;610,2251;3053,3424;3,2322;-4999,8685
812;2024-04-11 17:19:02,5;752,6715;486,7247;612,5256;3058,2907;3,2067;-4999,9541
813;2024-04-11 17:19:05,5;753,3829;485,9566;611,5905;3049,4814;3,207;-4999,9085
814;2024-04-11 17:19:08,5;755,6939;483,6258;611,4794;3062,2686;3,0345;-4999,9161
815;2024-04-11 17:19:11,5;756,3226;485,5908;612,4213;3073,4835;2,9238;-4999,8704
816;2024-04-11 17:19:14,5;759,4735;485,8956;615,8116;3083,3591;3,0597;-4999,8902
817;2024-04-11 17:19:17,5;758,1266;483,1908;616,5934;3099,1773;2,9635;-4999,9325
818;2024-04-11 17:19:20,5;762,9874;487,4555;614,6986;3092,6701;2,9568;-4999,9691
819;2024-04-11 17:19:23,5;761,5643;489,1881;614,0538;3063,97;2,8505;-4999,89
820;2024-04-11 17:19:26,5;761,3867;488,6102;617,5805;3063,0501;2,9511;-4999,8738
821;2024-04-11 17:19:29,5;760,3414;487,8201;617,7694;3062,2773;2,7394;-4999,9104
822;2024-04-11 17:19:32,5;755,815;488,047;618,8269;3078,3993;2,7731;-4999,8351
823;2024-04-11 17:19:35,5;757,4945;489,1157;618,5833;3097,1181;2,9455;-4999,7972
824;2024-04-11 17:19:38,5;764,8295;487,2053;617,8128;3104,9026;2,7813;-4999,888
825;2024-04-11 17:19:41,5;764,068;488,6793;617,3958;3087,1567;2,5765;-4999,8981
826;2024-04-11 17:19:44,5;766,551;487,416;622,8646;3098,3719;2,7389;-4999,864
827;2024-04-11 17:19:47,5;767,939;485,0162;622,584;3095,0729;2,6879;-4999,9327
828;2024-04-11 17:19:50,5;765,9058;488,452;619,1585;3100,5451;2,7853;-4999,985
829;2024-04-11 17:19:53,5;765,7459;487,5162;622,3497;3103,5139;2,8832;-4999,9265
830;2024-04-11 17:19:56,5;764,1542;489,9546;625,6812;3099,6281;2,9343;-4999,8758
831;2024-04-11 17:19:59,5;767,4674;492,8138;624,1642;3099,1758;2,814;-4999,9031
832;2024-04-11 17:20:02,5;770,6397;491,2988;624,6859;3108,8219;2,8171;-4999,8606
833;2024-04-11 17:20:05,5;771,6097;487,7263;625,2171;3108,9716;2,779;-4999,8657
834;2024-04-11 17:20:08,5;771,5768;490,0534;625,1455;3105,306;2,7586;-4999,9426
835;2024-04-11 17:20:11,5;773,8135;490,0373;631,8118;3112,0636;2,7786;-4999,8078
836;2024-04-11 17:20:14,5;771,3026;490,8869;629,7046;3112,1714;2,7308;-4999,844
837;2024-04-11 17:20:17,5;768,3547;490,9502;626,674;3133,7252;2,6288;-4999,874
838;2024-04-11 17:20:20,5;767,6447;491,0254;626,2331;3151,9459;2,637;-4999,933
839;2024-04-11 17:20:23,5;769,2802;491,1626;627,8296;3138,15;2,7061;-4999,9284
840;2024-04-11 17:20:26,5;766,254;492,664;631,2439;3140,1408;2,6976;-4999,9095
841;2024-04-11 17:20:29,5;767,778;490,8035;628,7368;3134,5427;2,691;-4999,8412
842;2024-04-11 17:20:32,5;772,5849;493,8076;627,6445;3136,5653;2,7547;-4999,8568
843;2024-04-11 17:20:35,5;773,9541;493,5617;625,0237;3141,3709;2,7748;-4999,918
844;2024-04-11 17:20:38,5;772,3305;491,9607;626,7194;3130,6908;2,6564;-4999,8682
845;2024-04-11 17:20:41,5;775,0105;494,9073;626,078;3138,0578;2,655;-4999,8962
846;2024-04-11 17:20:44,5;780,3953;494,3153;627,9395;3143,1583;2,7615;-4999,9256
847;2024-04-11 17:20:47,5;780,6816;494,5255;633,5506;3162,116;2,5677;-4999,9032
848;2024-04-11 17:20:50,5;780,5829;495,4234;635,4192;3147,0415;2,5845;-4999,8708
849;2024-04-11 17:20:53,5;781,3557;496,1511;631,6206;3142,9455;2,6487;-4999,926
850;2024-04-11 17:20:56,5;785,8705;496,6071;630,2939;3161,1021;2,6976;-4999,8964
851;2024-04-11 17:20:59,5;782,2416;497,3058;633,6185;3140,0346;2,7142;-4999,863
852;2024-04-11 17:21:02,5;785,8563;497,5707;639,1624;3135,936;2,6496;-4999,9544
853;2024-04-11 17:21:05,5;785,8862;496,2087;635,512;3141,442;2,7951;-4999,9662
854;2024-04-11 17:21:08,5;783,2382;495,2967;635,2923;3136,7743;2,7262;-4999,9536
855;2024-04-11 17:21:11,5;787,1424;495,997;637,4376;3137,0594;2,7409;-4999,9896
856;2024-04-11 17:21:14,5;789,7039;497,5317;638,9874;3153,8454;2,5985;-4999,8968
857;2024-04-11 17:21:49,2;794,9512;500,9645;639,1303;3212,975;2,5917;-4999,8744
